full_name	branch	stars	pushed_at	ahead	behind	status
CareerPlug/docuseal	main	0	2026-07-13T21:26:14Z	230	840	ok
NexPort-Solutions/docuseal	master	0	2026-07-13T21:19:10Z	0	303	ok
marconildo/docuseal	master	0	2026-07-13T18:34:17Z	0	0	ok
CrazyForks/docuseal	master	0	2026-07-13T16:48:43Z	0	0	ok
minima-solutions/docuseal	master	0	2026-07-13T15:16:01Z	0	0	ok
s24407-pj/docuseal	pl	0	2026-07-13T14:45:27Z	11	0	ok
EmonNayeem/chsdocuseal	chs-custom-v1	0	2026-07-13T14:24:23Z	17	469	ok
bhardwajRahul/docuseal	master	0	2026-07-13T14:14:38Z	0	0	ok
jrcribb/docuseal	master	0	2026-07-13T12:20:06Z	0	0	ok
birhantprkc/docuseal	master	0	2026-07-13T11:56:47Z	0	0	ok
timothybrush/docuseal	master	0	2026-07-13T11:47:18Z	0	0	ok
bryanwills/docuseal	master	0	2026-07-13T11:35:16Z	0	0	ok
adam2046/docuseal	master	0	2026-07-13T08:14:56Z	2	687	ok
Intebec/intebec-docuseal	master	0	2026-07-12T19:06:41Z	56	13	ok
vshaveyko/docuseal	master	0	2026-07-12T16:29:01Z	14	28	ok
zamibd/docuseal	master	0	2026-07-10T08:04:19Z	0	639	ok
RosenblattAI/docuseal	rosenblatt/main	0	2026-07-09T16:17:14Z	1	13	ok
repomesh/docuseal	master	0	2026-07-08T21:31:14Z	0	13	ok
cinematik-app/docuseal	master	0	2026-07-08T16:20:42Z	1	2130	ok
jeturing/docuseal	master	0	2026-07-08T13:50:11Z	0	170	ok
Lion22185/docuseal	master	0	2026-07-08T11:58:45Z	0	13	ok
Megapower-Asia-LLC/docuseal	master	0	2026-07-08T06:20:35Z	0	68	ok
EQUIPAGE-SOLIDAIRE/docuseal	master	0	2026-07-08T04:43:09Z	0	197	ok
shaneholloman/docuseal	master	0	2026-07-07T18:42:04Z	0	13	ok
tbalt88/docuseal	master	0	2026-07-07T09:32:15Z	0	13	ok
nobidev/docuseal	develop	0	2026-07-07T02:22:20Z	1	618	ok
Baw-Appie/docuseal	BawAppie	1	2026-07-05T09:21:12Z	20	28	ok
Deenyoro/docuseal-sso	master	0	2026-07-05T05:09:34Z	11	28	ok
joaosouz4dev/docuseal	master	0	2026-07-05T01:09:19Z	0	28	ok
centrocopiado2016-commits/docuseal	master	0	2026-07-03T18:31:45Z	12	59	ok
general-intelligence-systems/docuseal	master	0	2026-07-03T10:23:32Z	0	28	ok
odpay/docuseal	master	0	2026-07-03T07:37:42Z	0	28	ok
lueroux/docuseal	master	0	2026-07-02T08:50:12Z	207	59	ok
TisMatthews/docusealpns	master	0	2026-07-01T20:48:02Z	0	28	ok
marcoroth/docuseal	master	0	2026-07-01T14:22:33Z	0	28	ok
Bestbuybaby/docuseal	master	0	2026-06-30T13:49:51Z	0	247	ok
usehelloai/docuseal	master	0	2026-06-29T03:55:26Z	12	68	ok
renee-png/docuseal	master	0	2026-06-28T23:25:49Z	2	68	ok
meonkeys/docuseal	privacy	6	2026-06-28T22:30:29Z	26	59	ok
ipuppyyt/docuseal	master	0	2026-06-28T13:44:35Z	21	247	ok
amromedllc/docuseal	master	0	2026-06-27T07:31:55Z	99	449	ok
africAIsoftmarketing/docuseal	master_v3	0	2026-06-24T05:21:11Z	{"message":"No common ancestor between master and africAIsoftmarketing:master_v3.","documentation_url":"https://docs.github.com/rest/commits/commits#compare-two-commits","status":"404"}	{"message":"No common ancestor between master and africAIsoftmarketing:master_v3.","documentation_url":"https://docs.github.com/rest/commits/commits#compare-two-commits","status":"404"}	ok
CraigIG4/IGSIGN	master	0	2026-06-23T12:38:00Z	175	197	ok
MrZaKaRiA/docuseal	master	0	2026-06-22T17:27:51Z	0	59	ok
glenihenacho/docuseal	master	0	2026-06-22T00:21:42Z	4	68	ok
acul021/docuseal	master	0	2026-06-21T12:11:32Z	29	68	ok
bloombilt/docuseal	master	0	2026-06-19T18:40:40Z	12	131	ok
MagnoliaLex/docuseal	master	0	2026-06-19T14:49:52Z	0	68	ok
ledoent/docuseal	master	0	2026-06-19T01:18:46Z	0	68	ok
chirplang-cpu/docuseal	master	0	2026-06-17T17:58:43Z	0	68	ok
MightyWELL/docuseal	master	0	2026-06-17T13:12:23Z	5	68	ok
HarleyCoops/docuseal	master	0	2026-06-17T12:49:28Z	4	197	ok
maxpetrusenkoagent/docuseal	master	0	2026-06-15T08:30:48Z	0	76	ok
chirag-2809/Docuseal	master	0	2026-06-15T07:01:27Z	7	146	ok
emb-eb/docuseal	master	0	2026-06-13T17:18:02Z	1	76	ok
amernet/docuseal	master	0	2026-06-13T04:31:25Z	2	76	ok
goflipai/docuseal	master	0	2026-06-11T04:07:23Z	47	449	ok
s256/docuseal-with-some-pro-features	master	1	2026-06-10T15:26:28Z	31	131	ok
zizuo10/docuseal	master	0	2026-06-10T14:21:28Z	{"message":"No common ancestor between master and zizuo10:master.","documentation_url":"https://docs.github.com/rest/commits/commits#compare-two-commits","status":"404"}	{"message":"No common ancestor between master and zizuo10:master.","documentation_url":"https://docs.github.com/rest/commits/commits#compare-two-commits","status":"404"}	ok
InstamorShortVideoDating/docuseal	master	0	2026-06-09T08:17:09Z	2	76	ok
azaj01/docuseal	master	0	2026-06-08T08:54:44Z	0	86	ok
thinhntuef/docuseal	master	0	2026-06-08T04:30:49Z	4	675	ok
wabolabs/wabosign	master	0	2026-06-05T19:20:21Z	92	86	ok
nomiscientist/docuseal	master	0	2026-06-04T04:25:36Z	1	171	ok
himckub/docuseal	master	0	2026-06-03T13:18:43Z	0	86	ok
8vsmgwttft-del/docuseal	master	0	2026-06-02T22:17:14Z	0	170	ok
karim-78/docuseal	master	0	2026-06-02T16:35:48Z	{"message":"Not Found","documentation_url":"https://docs.github.com/rest/commits/commits#compare-two-commits","status":"404"}	{"message":"Not Found","documentation_url":"https://docs.github.com/rest/commits/commits#compare-two-commits","status":"404"}	ok
iancenry/docuseal	master	3	2026-06-02T13:18:56Z	14	86	ok
jsballarini/docuseal	master	0	2026-06-01T21:39:28Z	0	86	ok
afleming089/docuseal	master	0	2026-06-01T20:03:14Z	0	86	ok
shoaibanjam/docuseal	master	0	2026-06-01T11:15:26Z	321	315	ok
xavierfranquetd/docuseal	master	0	2026-05-30T03:59:18Z	0	114	ok
clayliddell/docuseal	master	0	2026-05-27T21:36:11Z	1	114	ok
AlexBTurchyn/docuseal	master	0	2026-05-25T17:00:56Z	0	114	ok
tiago-peres/docuseal	master	0	2026-05-25T09:54:03Z	0	131	ok
maximus-output/docuseal	master	0	2026-05-25T07:17:57Z	30	131	ok
b8336645/docuseal	master	0	2026-05-24T12:02:30Z	3	131	ok
vinicius-ianni/docuseal	master	0	2026-05-23T20:28:07Z	0	131	ok
Toast552/docuseal-	master	0	2026-05-23T01:04:19Z	0	131	ok
vardarasoftware/docusealplus	master	0	2026-05-22T07:45:58Z	0	131	ok
yangchuansheng/docuseal	master	0	2026-05-22T06:45:27Z	0	131	ok
aifainatics/docuseal	master	0	2026-05-22T03:54:35Z	1	170	ok
VulcanoBr/docuseal	master	0	2026-05-22T02:06:07Z	0	131	ok
arcabSubrat/docuseal	master	0	2026-05-21T08:28:40Z	16	131	ok
leon-liang/docuseal	workshop	0	2026-05-20T19:11:13Z	23	213	ok
sdqlqsd/docuseal	master	0	2026-05-20T15:18:04Z	1	131	ok
FranklinHarry/docuseal	master	0	2026-05-20T10:15:35Z	0	131	ok
bejo-uk/securesign	master	0	2026-05-19T15:54:04Z	{"message":"No common ancestor between master and bejo-uk:master.","documentation_url":"https://docs.github.com/rest/commits/commits#compare-two-commits","status":"404"}	{"message":"No common ancestor between master and bejo-uk:master.","documentation_url":"https://docs.github.com/rest/commits/commits#compare-two-commits","status":"404"}	ok
rakdao-website/docuseal	master	0	2026-05-19T10:51:54Z	1	131	ok
new985211/docuseal-zh	master	1	2026-05-18T02:45:09Z	1	146	ok
Danztee/docuseal	master	0	2026-05-17T22:38:59Z	0	146	ok
Kolmo-Construction/docuseal	master	0	2026-05-16T15:19:33Z	1	146	ok
rosetown-kelly/docuseal	master	0	2026-05-16T06:14:05Z	10	213	ok
heoheon-developer/docuseal	master	0	2026-05-14T16:24:31Z	1	168	ok
rihanaws/docuseal-docsign	master	0	2026-05-12T13:10:38Z	0	146	ok
tlsgo77-guy/docuseal	master	0	2026-05-12T08:35:15Z	0	146	ok
PhilippeCaira/docuseal	master	0	2026-05-11T13:05:57Z	0	146	ok
Sushanth012/docuseal	master	0	2026-05-11T06:07:23Z	1	168	ok
ltianyi992/docuseal	master	0	2026-05-11T04:21:20Z	0	168	ok
NaLiJa/docuseal	master	0	2026-05-10T08:29:59Z	0	168	ok
GLocation-SAS/docuseal	master	0	2026-05-09T00:21:09Z	0	168	ok
jmkritt/docuseal	master	0	2026-05-08T20:19:03Z	0	170	ok
MorkMindy74/docuseal	master	0	2026-05-08T17:23:03Z	0	168	ok
eestein/docuseal-wl	master	0	2026-05-08T12:05:36Z	18	168	ok
adrianlerer/docuseal	master	0	2026-05-08T03:03:42Z	1	170	ok
isagoakira/docuseal	master	0	2026-05-07T23:36:39Z	0	170	ok
zichen0116/docuseal	master	0	2026-05-07T00:18:42Z	0	170	ok
kkim46403-cloud/docuseal	master	1	2026-05-06T16:38:56Z	24	170	ok
ingibanezcarrasco/docuseal	master	0	2026-05-05T21:28:17Z	0	170	ok
JasonOA888/docuseal	master	0	2026-05-05T18:44:25Z	0	170	ok
jiimmyy1/docuseal	master	0	2026-05-05T06:47:18Z	0	170	ok
orbisai0security/docuseal	master	0	2026-05-05T04:35:03Z	{"message":"Not Found","documentation_url":"https://docs.github.com/rest/commits/commits#compare-two-commits","status":"404"}	{"message":"Not Found","documentation_url":"https://docs.github.com/rest/commits/commits#compare-two-commits","status":"404"}	ok
jevans3/docuseal	master	0	2026-05-05T00:47:59Z	0	170	ok
Hazard-House/docuseal	master	0	2026-05-04T22:31:00Z	17	197	ok
randygonza/docuseal	master	0	2026-05-04T22:13:38Z	5	170	ok
adrianrp1988/docuseal	master	0	2026-05-04T15:30:27Z	0	170	ok
weiplanet/docuseal	master	0	2026-05-02T16:50:34Z	0	197	ok
jplandry-fork/docuseal	master	0	2026-05-02T14:56:54Z	0	197	ok
jo-hoff/docuseal	workshop	0	2026-04-30T20:37:29Z	29	213	ok
VBruilo/docuseal	workshop	0	2026-04-30T19:19:15Z	32	213	ok
PaulHBauer/docuseal	workshop	0	2026-04-30T16:52:26Z	33	213	ok
xhulia028/docuseal	workshop	0	2026-04-30T16:47:44Z	27	213	ok
Duysburg/docuseal	workshop	0	2026-04-30T16:38:22Z	27	213	ok
ayanhva/docuseal	workshop	0	2026-04-30T16:38:01Z	30	213	ok
jsidla/docuseal	workshop	0	2026-04-30T16:37:37Z	29	213	ok
toukhi/docuseal	workshop	0	2026-04-30T16:32:54Z	27	213	ok
HawKhiem/docuseal-devops-workshop	workshop	0	2026-04-30T16:31:29Z	29	213	ok
neher42/docuseal	workshop	0	2026-04-30T16:28:16Z	27	213	ok
Mesnero/docuseal	workshop	0	2026-04-30T16:26:50Z	28	213	ok
LeonardZimdars/docuseal-workshop-leo	workshop	0	2026-04-30T16:23:09Z	31	213	ok
mert-ayv/docuseal	workshop	0	2026-04-30T15:32:07Z	26	213	ok
RobBotzz/docuseal	workshop	0	2026-04-30T15:06:52Z	26	213	ok
Xtraordinaire9911/docuseal	workshop	0	2026-04-30T14:59:08Z	24	213	ok
DoniaFouzri/docuseal	workshop	0	2026-04-30T14:58:54Z	26	213	ok
husseingalal2002/docuseal	workshop	0	2026-04-30T14:57:19Z	25	213	ok
mendy23/docuseal	workshop	0	2026-04-30T14:57:10Z	26	213	ok
annikasiefke/docuseal	workshop	0	2026-04-30T14:56:44Z	24	213	ok
ArouaBelHajAmor/docuseal	workshop	0	2026-04-30T14:54:06Z	25	213	ok
jonasfeld/docuseal	workshop	0	2026-04-30T14:53:39Z	25	213	ok
jamierowe1994/docuseal	master	0	2026-04-29T13:08:14Z	62	213	ok
jscottym/docuseal	master	0	2026-04-28T02:51:56Z	0	197	ok
powerlexx-pr/docuseal	master	0	2026-04-27T14:06:18Z	39	255	ok
developbob/docuseal	master	0	2026-04-27T13:12:28Z	41	213	ok
yonashailemariam/docuseal	master	0	2026-04-25T13:19:47Z	0	213	ok
Fullphysio/docuseal	master	0	2026-04-22T16:47:57Z	0	232	ok
SpeedbitsInfinityTools/docuseal-plus	master	10	2026-04-20T13:18:51Z	21	449	ok
legorocks2122/docuseal	master	0	2026-04-20T01:10:51Z	25	232	ok
golfdistrict-io/docuseal	master	0	2026-04-17T13:01:22Z	0	232	ok
SteenSneeze/Epique-Contracts	master	0	2026-04-16T21:07:38Z	0	232	ok
Robben-Media/docuseal	master	0	2026-04-08T23:11:13Z	8	395	ok
IMAMx39/docuseal	master	0	2026-04-08T18:27:00Z	2	639	ok
BeastofOne/docuseal	master	0	2026-04-06T18:03:09Z	0	329	ok
jmiller558/docuseal	master	0	2026-04-05T09:38:21Z	0	255	ok
hieucao/docuseal	master	0	2026-04-03T15:01:39Z	0	255	ok
dporkka/docuseal	master	0	2026-04-02T19:35:17Z	0	1302	ok
nils-werner/docuseal	master	0	2026-04-02T14:43:27Z	0	255	ok
janhaa/docuseal	master	0	2026-04-01T18:33:03Z	1	255	ok
xaas-cloud/docuseal	master	0	2026-03-31T01:18:01Z	0	255	ok
bigthinkcapital/btc-docuseal	master	0	2026-03-25T01:53:09Z	15	469	ok
AnoopFranc/docuseal	master	0	2026-03-22T09:27:46Z	0	283	ok
igmh-mv/docuseal	master	0	2026-03-21T15:53:40Z	10	283	ok
arunguleria/docuseal	master	0	2026-03-19T12:52:38Z	0	283	ok
smnmxn/docuseal	master	0	2026-03-19T10:34:18Z	0	283	ok
DataMustHQ/docuseal	master	0	2026-03-18T16:39:04Z	12	449	ok
kyleokolowitz/docuseal	master	0	2026-03-15T03:45:11Z	6	303	ok
ppillip/docuseal	master	0	2026-03-15T02:08:19Z	14	329	ok
GQAdonis/docuseal	master	0	2026-03-10T20:12:26Z	0	303	ok
along1231/docuseal	master	0	2026-03-10T04:54:06Z	0	303	ok
steve-njuguna-k/docuseal	master	0	2026-03-08T17:41:20Z	0	315	ok
ved009/docuseal	master	0	2026-03-06T15:25:08Z	0	315	ok
ThurmanCode/docuseal	main	0	2026-03-05T00:37:30Z	2	315	ok
larron/docuseal	master	0	2026-03-03T20:04:59Z	1	315	ok
XiaXia009/docuseal	master	2	2026-03-02T14:36:54Z	1	329	ok
kencove/docuseal	master	0	2026-02-28T11:29:11Z	3	383	ok
mpaiva/docuseal-a11y	master	0	2026-02-27T14:41:20Z	8	395	ok
simpleconsulting/docuseal	master	0	2026-02-27T02:11:21Z	3	329	ok
xelasoft-inc/xelasign	master	0	2026-02-26T19:22:45Z	7	329	ok
TruemarkDev/docuseal	master	0	2026-02-24T10:10:17Z	0	329	ok
booxter/docuseal	master	0	2026-02-20T01:22:21Z	1	363	ok
kenny33/docuseal	master	0	2026-02-19T16:21:10Z	19	363	ok
Hub-Ventures/docuseal	master	0	2026-02-18T03:37:11Z	0	363	ok
jeffmartson/docuseal	master	0	2026-02-15T22:50:57Z	2	1092	ok
Abnashthahir/docuseal	master	0	2026-02-13T03:54:43Z	1	383	ok
Daelyte/docuseal	master	0	2026-02-12T14:53:00Z	0	1105	ok
MiraiMinds/docuseal	master	0	2026-02-04T14:27:19Z	1	395	ok
disruptiverecords/docuseal	master	0	2026-02-04T13:40:31Z	28	395	ok
Brsoyan/docuseal	master	0	2026-02-03T21:24:51Z	0	395	ok
Wippli-Org/wippli-docuseal	master	0	2026-02-02T12:13:13Z	19	484	ok
buyungb/docuseal	master	0	2026-02-02T02:22:09Z	14	425	ok
korptor/docusealzath	master	0	2026-01-31T14:02:38Z	2	425	ok
pramodyallapu/docuseal	master	0	2026-01-20T08:08:33Z	0	449	ok
whitbyfolkweek/docuseal	master	0	2026-01-19T15:33:06Z	0	469	ok
bellyfat/docuseal	master	0	2026-01-17T00:37:12Z	{"message":"Not Found","documentation_url":"https://docs.github.com/rest/commits/commits#compare-two-commits","status":"404"}	{"message":"Not Found","documentation_url":"https://docs.github.com/rest/commits/commits#compare-two-commits","status":"404"}	ok
AleDouglas/docuseal	master	0	2026-01-09T20:01:58Z	26	899	ok
bertrandbuild/docuseal	master	0	2026-01-06T16:36:21Z	0	484	ok
AINEntertainment/mkdocsign	master	0	2026-01-05T02:05:21Z	65	500	ok
Nishab-0211/docuseal	master	0	2025-12-29T12:06:34Z	21	500	ok
vbarrier/docuseal	master	0	2025-12-26T21:18:43Z	22	500	ok
XIAOJING-sin/docuseal	master	0	2025-12-26T15:17:26Z	32	663	ok
NEMYSESx/docuseal	master	0	2025-12-26T14:57:51Z	0	500	ok
ServiceNumeriqueESCR/docuseal	master	0	2025-12-25T10:00:14Z	1	500	ok
FidelLabs/docuseal	master	0	2025-12-23T13:59:20Z	0	559	ok
avtarnanrey/docuseal	master	0	2025-12-22T14:53:06Z	1	511	ok
nbulusanjr/docuseal	master	0	2025-12-22T11:14:42Z	0	500	ok
gitrvc-hub/docuseal	master	0	2025-12-22T08:06:53Z	8	511	ok
Collaborative-Dynamics-AI/docuseal	master	0	2025-12-14T00:35:31Z	2	528	ok
sovratec/docuseal	master	0	2025-12-13T19:37:09Z	0	528	ok
herita-tech/docuseal	master	0	2025-12-11T19:47:45Z	2	528	ok
dadastory/docuseal	master	0	2025-12-10T02:21:49Z	0	528	ok
armaslogistic/armas-sign	master	0	2025-12-09T09:51:47Z	1	528	ok
CMAA-Smart-Manufactory/MariaSign	master	0	2025-12-08T14:52:20Z	6	543	ok
VertexDevelopments/docuseal	master	0	2025-12-07T01:22:37Z	1	543	ok
vivujo/docuseal	master	0	2025-12-02T06:48:37Z	0	543	ok
blazingh/docuseal	master	0	2025-11-30T10:47:08Z	9	559	ok
xfang2024/docuseal	master	1	2025-11-28T02:14:55Z	0	559	ok
Live-Compliance-LLC/docsign	master	0	2025-11-27T18:53:23Z	9	559	ok
Reidond/docuseal	master	0	2025-11-26T18:40:01Z	1	559	ok
mythreya-automak/seal-amk	master	0	2025-11-26T12:09:38Z	2	559	ok
mishaal79/docuseal	master	0	2025-11-24T07:58:00Z	0	574	ok
julienAta/hypersign	master	0	2025-11-14T13:58:07Z	1	595	ok
yonas-forks/docuseal	master	0	2025-11-04T04:00:20Z	0	601	ok
Audidat/docuseal	master	0	2025-10-27T13:08:01Z	28	618	ok
cookiescgov/docuseal-to-pdf	master	0	2025-10-23T20:52:11Z	13	618	ok
lycosasupositwar/docuseal	master	0	2025-10-23T12:43:13Z	0	618	ok
christophermlne/docuseal	master	0	2025-10-22T18:20:25Z	0	618	ok
lyhiving/docuseal	master	0	2025-10-20T16:33:33Z	0	618	ok
tng-sh/docuseal	master	0	2025-10-14T16:53:31Z	0	618	ok
miirochristopher/docuseal	master	0	2025-10-12T23:10:24Z	0	639	ok
tesoro-crm/docuseal	master	0	2025-10-12T14:57:29Z	0	639	ok
corelabbr/stonesign	develop	1	2025-10-08T23:37:14Z	38	2221	ok
mathieurdz/docuseal	master	0	2025-10-07T21:57:51Z	1	639	ok
andj25/docuseal	master	0	2025-10-06T18:37:56Z	4	639	ok
thorstone137/docuseal	master	0	2025-09-30T18:18:59Z	0	639	ok
Eccb7/fiti	master	0	2025-09-29T11:41:59Z	0	639	ok
infinitewatts/docuseal	master	0	2025-09-26T20:24:01Z	9	663	ok
wangz1yu/docuseal	master	0	2025-09-25T02:17:44Z	0	663	ok
Tochigami360/docuseal	master	0	2025-09-23T12:58:50Z	1	663	ok
Nobody-Home21/docuseal	master	0	2025-09-18T18:15:59Z	0	675	ok
dexit/docuseal	master	0	2025-09-15T19:21:36Z	12	675	ok
Adam-s-tech/docuseal	master	0	2025-09-14T16:18:27Z	0	687	ok
waynentefo/docuseal	master	0	2025-09-09T11:10:05Z	2	687	ok
JyothiLakshmiN/docuseal	master	0	2025-09-06T04:39:21Z	1	704	ok
TheMarco/docuseal	master	0	2025-08-31T06:54:21Z	3	710	ok
Canopy-567/docuseal	master	0	2025-08-18T16:37:52Z	1	733	ok
naipunyaailabs/docuseal-clone	master	0	2025-08-11T06:16:09Z	2	743	ok
ljisman/docuseal	master	0	2025-08-08T17:54:54Z	0	743	ok
riteshrajas/openSign-deprecated	master	0	2025-08-03T05:02:45Z	7	812	ok
hackerhellokitty/docuseal	master	0	2025-08-01T04:35:54Z	{"message":"No common ancestor between master and hackerhellokitty:master.","documentation_url":"https://docs.github.com/rest/commits/commits#compare-two-commits","status":"404"}	{"message":"No common ancestor between master and hackerhellokitty:master.","documentation_url":"https://docs.github.com/rest/commits/commits#compare-two-commits","status":"404"}	ok
iotinga/docuseal	master	0	2025-07-22T15:49:24Z	2	769	ok
yinflowltda/docs.yinflow.life	master	0	2025-07-17T14:50:16Z	0	780	ok
mcourant/docuseal	master	0	2025-07-17T11:18:37Z	2	780	ok
aspcodenet/docuseal	master	0	2025-07-14T07:16:40Z	0	795	ok
Elmane091203/docuseal1	master	0	2025-07-13T15:40:24Z	0	994	ok
zwanski2019/docuseal	master	0	2025-07-04T01:54:31Z	2	812	ok
bolex1111/docuseal	master	0	2025-06-27T12:32:21Z	0	840	ok
yuanzhongqiao/docuseal-chinese	master	0	2025-06-24T02:27:33Z	12	840	ok
railsboot/docuseal	master	0	2025-06-23T10:03:51Z	0	865	ok
jabib/docuseal	master	0	2025-06-23T03:52:58Z	0	865	ok
ve1koz111/docuseal	master	1	2025-06-19T07:24:34Z	0	865	ok
yoprogramo/docuseal	master	0	2025-06-13T18:03:42Z	1	899	ok
TheJ-Erk400/docuseal-dev	master	1	2025-06-05T15:24:10Z	0	1540	ok
0xsj/docuseal	master	1	2025-06-05T13:49:15Z	0	899	ok
giovanne-oliveira/docuseal	master	0	2025-06-04T15:23:26Z	0	899	ok
prevail90/docuseal	master	0	2025-05-27T09:28:27Z	0	926	ok
eljommys/docuseal	master	1	2025-05-23T13:29:15Z	8	942	ok
Govcraft/docuseal	master	0	2025-05-19T03:16:16Z	2	963	ok
mbayopanda/docuseal	master	1	2025-05-13T06:05:08Z	0	963	ok
Patil5913/docuseal	master	0	2025-05-10T03:51:45Z	10	994	ok
Kenneth-AI-App/docuseal	master	0	2025-05-09T13:02:22Z	0	994	ok
fatih4159/docuseal	master	0	2025-05-07T21:28:21Z	3	994	ok
xiaoheng1111/lsy	master	0	2025-05-05T00:46:50Z	3	994	ok
Stunkymonkey/docuseal	master	0	2025-05-02T22:46:42Z	0	994	ok
Bluse-liu50/docuseal_chinese	master	0	2025-04-25T14:09:47Z	4	1029	ok
crypticspawn/docuseal	master	0	2025-04-20T14:45:27Z	0	1029	ok
cosmo83/docuseal	master	0	2025-04-20T06:34:56Z	12	1029	ok
secureonelabs/docuseal	master	0	2025-04-18T16:42:09Z	0	1029	ok
yusren/docuseal	master	0	2025-04-09T08:02:13Z	0	1029	ok
manhtruongwang/docuseal	master	0	2025-04-06T05:39:43Z	1	1040	ok
AckloLtd/sign	master	0	2025-04-03T11:52:43Z	1	1040	ok
olivierIllogika/docuseal	master	0	2025-03-28T15:10:43Z	3	2639	ok
ufhy/docuseal	master	0	2025-03-28T03:20:48Z	0	1052	ok
carsonpackard/docuseal	master	0	2025-03-21T00:45:43Z	6	1078	ok
sigma9/sigma9sign	master	0	2025-03-17T19:26:12Z	7	1078	ok
dragonskyside/docuseal	master	0	2025-03-15T16:23:09Z	0	1078	ok
sotyland/docuseal	master	0	2025-03-11T19:59:27Z	0	1078	ok
papercloudtech/docuseal	master	0	2025-03-07T09:55:23Z	0	1092	ok
hardline7/docuseal	master	0	2025-02-27T03:26:28Z	0	1105	ok
b-integrated/docuseal	master	0	2025-02-20T14:53:24Z	1	1114	ok
rezapex/docuseal	master	0	2025-02-19T05:51:23Z	{"message":"Not Found","documentation_url":"https://docs.github.com/rest/commits/commits#compare-two-commits","status":"404"}	{"message":"Not Found","documentation_url":"https://docs.github.com/rest/commits/commits#compare-two-commits","status":"404"}	ok
DharmikJagodana/docuseal	master	0	2025-01-28T04:44:45Z	0	1172	ok
tunezilla/fork-of-docuseal	master	0	2025-01-27T22:10:34Z	41	1172	ok
CarlosCabreraCriado/Docuseal-Nodus	master	0	2025-01-27T16:32:35Z	7	1186	ok
andrewkouri/docuseal	master	0	2025-01-25T16:50:34Z	0	1186	ok
cy-berg/docuseal	master	0	2025-01-23T14:03:18Z	2	1186	ok
raffifu/docuseal	master	0	2025-01-16T00:17:05Z	3	1275	ok
sirthias/docuseal	master	0	2025-01-15T11:10:12Z	0	1204	ok
hypeup-digital/docuseal	master	0	2025-01-14T19:45:20Z	0	1204	ok
RussPalms/docuseal_dev	master	0	2024-12-30T22:29:16Z	0	1234	ok
mark-addams001881/docusealco-docuseal-404	master	0	2024-12-30T08:26:29Z	{"message":"Not Found","documentation_url":"https://docs.github.com/rest/commits/commits#compare-two-commits","status":"404"}	{"message":"Not Found","documentation_url":"https://docs.github.com/rest/commits/commits#compare-two-commits","status":"404"}	ok
Harryrosestudios/sign-bw4e	main	0	2024-12-28T14:15:42Z	0	1456	ok
DRMX-be/docuseal	master	0	2024-12-24T15:46:04Z	1	1240	ok
vynxc/docuseal	master	0	2024-12-16T22:26:01Z	4	1275	ok
humaniz-real-estate/docuseal	master	0	2024-12-12T21:27:25Z	0	1275	ok
Niraj-Dilshan/docuseal	master	0	2024-11-29T11:04:12Z	0	1302	ok
No-ink-tech/docuseal	master	0	2024-11-22T18:40:00Z	4	1335	ok
reneboygarcia/docuseal	master	0	2024-11-19T05:56:58Z	0	1335	ok
isAlmogK/docs-hub	master	0	2024-11-16T17:49:08Z	3	1335	ok
kursataktas/docuseal	master	0	2024-11-12T21:12:18Z	0	1335	ok
2bj/docuseal	master	0	2024-11-01T08:23:00Z	0	1370	ok
PEx-Online/agreements	master	0	2024-10-31T18:14:13Z	16	1370	ok
papacandco/docuseal	master	0	2024-10-28T19:02:49Z	0	1434	ok
bohni-coders/bonisign	master	0	2024-10-17T07:11:38Z	55	1434	ok
bohni-coders/bonisign-v1	master	0	2024-10-15T13:45:31Z	55	1434	ok
rubyci-setup/docuseal	master	0	2024-10-04T21:04:23Z	0	1456	ok
harshumaretiya/docuseal	master	0	2024-09-22T10:54:29Z	0	1492	ok
Sylvie-J/docuseal	master	0	2024-09-19T02:52:42Z	1	1492	ok
indrann-za/docuseal	master	0	2024-09-10T20:09:22Z	0	1522	ok
sagararyal/docuseal	master	0	2024-09-10T13:42:50Z	1	1512	ok
sayu-dev/sayu-sign	master	0	2024-09-10T06:53:02Z	10	1522	ok
storehathong/docuseal	master	0	2024-09-09T04:00:34Z	0	1522	ok
DrWebDeveloper/signfo	main	0	2024-09-08T06:08:17Z	18	1522	ok
iamtutumo/docuseal	master	0	2024-09-05T05:15:47Z	0	1522	ok
TheWebEng/docuseal	master	0	2024-09-04T03:32:53Z	0	1605	ok
script000kiddies000/docuseal-test	master	0	2024-08-29T04:50:12Z	1	1540	ok
juanc1479/docuseal	master	0	2024-08-27T04:51:21Z	0	1540	ok
nonomal/docuseal	master	0	2024-08-19T16:52:30Z	0	2257	ok
kkpan11/docuseal	master	1	2024-08-19T16:52:29Z	11	2637	ok
kp-forks/docuseal	master	0	2024-08-19T16:52:29Z	1	2146	ok
Tivonfeng/docuseal	master	0	2024-08-19T16:52:29Z	1	2146	ok
woakes070048/docuseal	master	0	2024-08-19T16:52:29Z	{"message":"Not Found","documentation_url":"https://docs.github.com/rest/commits/commits#compare-two-commits","status":"404"}	{"message":"Not Found","documentation_url":"https://docs.github.com/rest/commits/commits#compare-two-commits","status":"404"}	ok
PropGenieApp/docuseal	master	0	2024-08-08T10:49:30Z	2	1588	ok
weigriffiths/docuseal	master	0	2024-07-29T22:12:53Z	1	1605	ok
tjipenk/docuseal	master	0	2024-07-19T01:35:47Z	0	1637	ok
rajivgupta4010/docusign-2	master	0	2024-06-29T19:59:20Z	0	1805	ok
philschlo/docuseal	master	0	2024-06-26T19:01:34Z	0	1684	ok
epilou/docuseal	master	0	2024-06-19T20:14:22Z	1	1719	ok
agisota/doc-sign	master	0	2024-06-18T16:45:03Z	0	2223	ok
ntz857/docuseal	master	0	2024-06-11T08:12:12Z	6	1741	ok
mm86133/docuseal	master	0	2024-06-07T18:25:35Z	0	1738	ok
hellomyheart/docuseal	master	0	2024-06-06T03:15:27Z	1	1738	ok
iwm911/docuseal	master	0	2024-06-04T08:29:36Z	0	1751	ok
sabari-qwerty/docuseal	master	0	2024-05-31T10:31:43Z	2	1751	ok
TingRubato/docusealer	master	0	2024-05-19T04:15:25Z	3	1776	ok
kheele/docuseal	master	0	2024-05-17T17:31:41Z	1	1793	ok
PolarisSdesu/docuseal	master	0	2024-04-23T04:37:36Z	0	1844	ok
faithfulojebiyi/docuseal	master	0	2024-04-18T18:20:56Z	0	1878	ok
wwjiang007/docuseal	master	0	2024-04-16T01:36:35Z	0	1878	ok
cosark/docuseal	master	0	2024-03-21T15:48:46Z	0	2056	ok
mygirl8893/docuseal	master	0	2024-03-12T15:55:43Z	0	1989	ok
vitosaver/docusign	master	0	2024-03-07T15:17:15Z	1	2008	ok
liugd/docuseal	master	0	2024-03-07T05:15:40Z	0	2008	ok
RobertoHRomero/docuseal	master	0	2024-02-19T14:09:54Z	0	2152	ok
trial-trl/docuseal	master	0	2024-02-09T05:00:01Z	0	2119	ok
audhep/docuseal	master	0	2024-02-01T16:37:38Z	0	2141	ok
joseph-redmond/turtle-sign	master	0	2024-01-31T18:06:31Z	1	2146	ok
averox-solutions/docuseal	master	0	2024-01-22T19:49:33Z	55	2253	ok
cloudlinc/docuseal	master	0	2024-01-22T14:17:17Z	3	2176	ok
arvindder/docuseal	master	0	2024-01-22T04:04:17Z	2	2178	ok
PinpointDining/docuseal	master	0	2024-01-20T21:30:38Z	1	2182	ok
rishabjasrotia/docuseal	master	1	2024-01-19T04:17:37Z	0	2196	ok
HUYDGD/docuseal	master	0	2024-01-18T10:26:51Z	0	2196	ok
coderstudio-dev/docuseal	master	0	2024-01-17T04:00:47Z	1	2196	ok
ntbies/docuseal	master	0	2024-01-10T22:07:10Z	0	2221	ok
arenawebrd/docuseal	master	0	2024-01-09T10:08:59Z	0	2223	ok
DayoWang/docuseal	master	0	2024-01-08T05:17:15Z	0	2226	ok
fluoz/docuseal	master	0	2024-01-03T01:58:20Z	0	2253	ok
apcloic/docuseal	master	0	2024-01-02T17:29:21Z	1	2253	ok
cangsalak/docuseal	master	0	2023-12-25T01:38:08Z	1	2307	ok
haodaohong/docuseal	master	0	2023-12-22T13:52:20Z	0	2299	ok
gokuljs/docuseal	master	0	2023-12-22T09:38:22Z	0	2307	ok
OleEin/xo-docuseal	master	0	2023-12-15T15:01:25Z	1	2324	ok
betteragency/docuseal	master	0	2023-12-13T21:31:29Z	2	2324	ok
awsh-code/docuseal	master	0	2023-11-28T05:53:33Z	6	2359	ok
blaisebarre/docuseal	master	0	2023-11-11T14:33:02Z	2	2405	ok
neilzone/docuseal	master	0	2023-11-01T19:15:13Z	0	2429	ok
shoaibmansoor/docuseal-v1	master	0	2023-09-22T20:30:03Z	5	2533	ok
jbenguira/docuseal	master	0	2023-09-20T23:03:05Z	0	2533	ok
gares92/docuseal	master	0	2023-09-02T11:56:15Z	8	2605	ok
Mwimwii/docusign	master	0	2023-09-02T07:27:05Z	0	2596	ok
mugonat-systems/docuseal	master	0	2023-08-12T15:51:03Z	11	2637	ok
ShakCh/docuseal	master	0	2023-08-03T16:39:50Z	4	2691	ok
saurabharch/docuseal	master	0	2023-07-23T17:59:27Z	0	2659	ok
raindigi/docuseal	master	0	2023-07-22T19:14:50Z	0	2653	ok
mintymedia/docuseal	master	0	2023-07-21T19:30:28Z	4	2659	ok
